Date,Time,RFPAR2H,RSPAR2h
6/10/2017, 14:00:00,2.756433333,598.7690417
6/10/2017, 16:00:00,267.4248167,372.7153708
6/10/2017, 18:00:00,11.63321667,72.63388333
6/10/2017, 20:00:00,0,0.024891667
6/10/2017, 22:00:00,0,0
6/10/2017, 24:00:00,0,0
7/10/2017, 02:00:00,0,0
7/10/2017, 04:00:00,0,0
7/10/2017, 06:00:00,62.71891667,3.932883333
7/10/2017, 08:00:00,624.5182,105.515775
7/10/2017, 10:00:00,1147.439683,302.1723875
7/10/2017, 12:00:00,1551.3995,520.559425
7/10/2017, 14:00:00,1397.102467,579.2664208
7/10/2017, 16:00:00,312.24505,367.8739417
7/10/2017, 18:00:00,15.101625,75.0110375
7/10/2017, 20:00:00,0,0.024891667
7/10/2017, 22:00:00,0,0
7/10/2017, 24:00:00,0,0
8/10/2017, 02:00:00,0,0
8/10/2017, 04:00:00,0,0
8/10/2017, 06:00:00,57.07164167,3.8831
8/10/2017, 08:00:00,386.0964917,106.6359
8/10/2017, 10:00:00,1099.251108,337.605675
8/10/2017, 12:00:00,1394.584225,525.039925
8/10/2017, 14:00:00,315.43505,570.1809625
8/10/2017, 16:00:00,615.1173167,363.5179
8/10/2017, 18:00:00,15.56983333,80.275625
8/10/2017, 20:00:00,0,0.0373375
8/10/2017, 22:00:00,0,0
8/10/2017, 24:00:00,0,0
9/10/2017, 02:00:00,0,0
9/10/2017, 04:00:00,0,0
9/10/2017, 06:00:00,60.14484167,4.542729167
9/10/2017, 08:00:00,718.7449333,98.85725417
9/10/2017, 10:00:00,1076.857392,328.644675
9/10/2017, 12:00:00,1202.783867,498.4929625
9/10/2017, 14:00:00,1046.645917,511.0881458
9/10/2017, 16:00:00,553.734025,334.021275
9/10/2017, 18:00:00,13.89639167,77.587325
9/10/2017, 20:00:00,0,0.0373375
9/10/2017, 22:00:00,0,0
9/10/2017, 24:00:00,0,0
10/10/2017, 02:00:00,0,0
10/10/2017, 04:00:00,0,0
10/10/2017, 06:00:00,57.24369167,4.4431625
10/10/2017, 08:00:00,799.405475,118.0860667
10/10/2017, 10:00:00,1101.908017,325.2967458
10/10/2017, 12:00:00,1139.362242,504.4545167
10/10/2017, 14:00:00,921.7296667,507.8397833
10/10/2017, 16:00:00,476.7819083,319.2107333
10/10/2017, 18:00:00,14.06085833,70.74211667
10/10/2017, 20:00:00,0,0.0373375
10/10/2017, 22:00:00,0,0
10/10/2017, 24:00:00,0,0
11/10/2017, 02:00:00,0,0
11/10/2017, 04:00:00,0,0
11/10/2017, 06:00:00,67.81896667,5.239695833
11/10/2017, 08:00:00,889.4159,122.0313958
11/10/2017, 10:00:00,1209.455017,319.9948208
11/10/2017, 12:00:00,936.489075,391.2845542
11/10/2017, 14:00:00,867.6051167,495.9540125
11/10/2017, 16:00:00,450.8990333,271.3938417
11/10/2017, 18:00:00,11.82688333,73.31840417
11/10/2017, 20:00:00,0,0.024891667
11/10/2017, 22:00:00,0,0
11/10/2017, 24:00:00,0,0
12/10/2017, 02:00:00,0,0
12/10/2017, 04:00:00,0,0
12/10/2017, 06:00:00,67.76886667,4.9658875
12/10/2017, 08:00:00,863.3884417,127.4577792
12/10/2017, 10:00:00,1386.38045,376.6731458
12/10/2017, 12:00:00,1131.9406,502.56275
12/10/2017, 14:00:00,622.331375,439.4872667
12/10/2017, 16:00:00,394.0800417,268.9669042
12/10/2017, 18:00:00,11.60244167,58.42074167
12/10/2017, 20:00:00,0,0.0373375
12/10/2017, 22:00:00,0,0
12/10/2017, 24:00:00,0,0
13/10/2017, 02:00:00,0,0
13/10/2017, 04:00:00,0,0
13/10/2017, 06:00:00,61.60114167,3.9951125
13/10/2017, 08:00:00,863.3273667,123.0021708
13/10/2017, 10:00:00,1079.961517,282.1594875
13/10/2017, 12:00:00,1033.813533,451.4974958
13/10/2017, 14:00:00,732.410975,443.2085708
13/10/2017, 16:00:00,232.9245583,211.5044917
13/10/2017, 18:00:00,3.23595,31.2514875
13/10/2017, 20:00:00,0,0.012445833
13/10/2017, 22:00:00,0,0
13/10/2017, 24:00:00,0,0
14/10/2017, 02:00:00,0,0
14/10/2017, 04:00:00,0,0
14/10/2017, 06:00:00,15.239325,1.418825
14/10/2017, 08:00:00,130.97045,39.5404125
14/10/2017, 10:00:00,300.7552667,61.4948625
14/10/2017, 12:00:00,451.31475,105.4659917
14/10/2017, 14:00:00,406.2172917,88.16628333
14/10/2017, 16:00:00,151.1071417,44.49385417
14/10/2017, 18:00:00,5.785833333,14.28781667
14/10/2017, 20:00:00,0,0
14/10/2017, 22:00:00,0,0
14/10/2017, 24:00:00,0,0
15/10/2017, 02:00:00,0,0
15/10/2017, 04:00:00,0,0
15/10/2017, 06:00:00,5.816608333,0.6347375
15/10/2017, 08:00:00,320.798775,29.85755417
15/10/2017, 10:00:00,1443.561225,183.4391375
15/10/2017, 12:00:00,1249.6471,373.1758667
15/10/2017, 14:00:00,751.849725,348.5455625
15/10/2017, 16:00:00,258.7667833,208.0196583
15/10/2017, 18:00:00,5.199391667,35.40839583
15/10/2017, 20:00:00,0,0.012445833
15/10/2017, 22:00:00,0,0
15/10/2017, 24:00:00,0,0
16/10/2017, 02:00:00,0,0
16/10/2017, 04:00:00,0,0
16/10/2017, 06:00:00,8.981275,1.717525
16/10/2017, 08:00:00,472.3425,63.3617375
16/10/2017, 10:00:00,813.751475,247.7218667
16/10/2017, 12:00:00,1009.600958,283.31695
16/10/2017, 14:00:00,743.33095,274.0074667
16/10/2017, 16:00:00,164.421675,146.81105
16/10/2017, 18:00:00,2.682716667,27.16925417
16/10/2017, 20:00:00,0,0
16/10/2017, 22:00:00,0,0
16/10/2017, 24:00:00,0,0
17/10/2017, 02:00:00,0,0
17/10/2017, 04:00:00,0,0
17/10/2017, 06:00:00,44.64385833,2.551395833
17/10/2017, 08:00:00,361.977525,61.22105417
17/10/2017, 10:00:00,865.7409583,171.8520667
17/10/2017, 12:00:00,973.55805,260.391725
17/10/2017, 14:00:00,673.1908333,206.3394708
17/10/2017, 16:00:00,260.7972167,129.7727042
17/10/2017, 18:00:00,2.853625,25.89977917
17/10/2017, 20:00:00,0,0
17/10/2017, 22:00:00,0,0
17/10/2017, 24:00:00,0,0
18/10/2017, 02:00:00,0,0
18/10/2017, 04:00:00,0,0
18/10/2017, 06:00:00,67.10599167,4.878766667
18/10/2017, 08:00:00,320.9661083,59.50352917
18/10/2017, 10:00:00,521.1029,98.09805833
18/10/2017, 12:00:00,870.4314833,188.181
18/10/2017, 14:00:00,890.4360583,218.0385542
18/10/2017, 16:00:00,147.45065,106.3745375
18/10/2017, 18:00:00,10.28455833,17.68552917
18/10/2017, 20:00:00,0,0.0373375
18/10/2017, 22:00:00,0,0
18/10/2017, 24:00:00,0,0
19/10/2017, 02:00:00,0,0
19/10/2017, 04:00:00,0,0
19/10/2017, 06:00:00,56.117475,4.094679167
19/10/2017, 08:00:00,543.668825,71.10304583
19/10/2017, 10:00:00,1054.548,196.5321542
19/10/2017, 12:00:00,1250.925642,206.3394708
19/10/2017, 14:00:00,1089.705983,253.1855875
19/10/2017, 16:00:00,398.0327333,143.0524083
19/10/2017, 18:00:00,10.63854167,37.12592083
19/10/2017, 20:00:00,0,0.012445833
19/10/2017, 22:00:00,0,0
19/10/2017, 24:00:00,0,0
20/10/2017, 02:00:00,0,0
20/10/2017, 04:00:00,0,0
20/10/2017, 06:00:00,37.76859167,3.0990125
20/10/2017, 08:00:00,576.6605833,89.684675
20/10/2017, 10:00:00,768.6245333,208.2561292
20/10/2017, 12:00:00,941.8385333,304.3628542
20/10/2017, 14:00:00,1121.289675,274.3061667
20/10/2017, 16:00:00,455.3751917,171.4911375
20/10/2017, 18:00:00,18.91915,47.269275
20/10/2017, 20:00:00,0,0.062229167
20/10/2017, 22:00:00,0,0
20/10/2017, 24:00:00,0,0
21/10/2017, 02:00:00,0,0
21/10/2017, 04:00:00,0,0
21/10/2017, 06:00:00,68.40684167,5.0779
21/10/2017, 08:00:00,583.3185417,91.09105417
21/10/2017, 10:00:00,1213.048975,227.534725
21/10/2017, 12:00:00,1182.861592,374.3706667
21/10/2017, 14:00:00,194.4601667,191.2177833
21/10/2017, 16:00:00,159.3708583,61.25839167
21/10/2017, 18:00:00,3.755975,14.46205833
21/10/2017, 20:00:00,0,0.012445833
21/10/2017, 22:00:00,0,0
21/10/2017, 24:00:00,0,0
22/10/2017, 02:00:00,0,0
22/10/2017, 04:00:00,0,0
22/10/2017, 06:00:00,51.21151667,3.8457625
22/10/2017, 08:00:00,510.8599917,81.34596667
22/10/2017, 10:00:00,853.6027083,209.9736542
22/10/2017, 12:00:00,1375.627375,457.1230125
22/10/2017, 14:00:00,1254.947183,479.0152333
22/10/2017, 16:00:00,614.9033,313.635
22/10/2017, 18:00:00,23.53224167,76.62899583
22/10/2017, 20:00:00,0,0.087120833
22/10/2017, 22:00:00,0,0
22/10/2017, 24:00:00,0,0
23/10/2017, 02:00:00,0,0
23/10/2017, 04:00:00,0,0
23/10/2017, 06:00:00,89.115375,5.401491667
23/10/2017, 08:00:00,358.452125,109.2121875
23/10/2017, 10:00:00,1057.605983,237.7029708
23/10/2017, 12:00:00,1212.85325,513.5275292
23/10/2017, 14:00:00,1051.315233,549.8444708
23/10/2017, 16:00:00,549.2368667,340.4184333
23/10/2017, 18:00:00,21.92679167,76.77834583
23/10/2017, 20:00:00,0,0.099566667
23/10/2017, 22:00:00,0,0
23/10/2017, 24:00:00,0,0
24/10/2017, 02:00:00,0,0
24/10/2017, 04:00:00,0,0
24/10/2017, 06:00:00,123.341125,7.927995833
24/10/2017, 08:00:00,747.0739,119.0817333
24/10/2017, 10:00:00,1022.815842,322.5835542
24/10/2017, 12:00:00,1254.983733,492.182925
24/10/2017, 14:00:00,1003.802742,517.7466667
24/10/2017, 16:00:00,525.2017833,305.5203167
24/10/2017, 18:00:00,22.47759167,69.671775
24/10/2017, 20:00:00,0,0.1120125
24/10/2017, 22:00:00,0,0
24/10/2017, 24:00:00,0,0
25/10/2017, 02:00:00,0,0
25/10/2017, 04:00:00,0,0
25/10/2017, 06:00:00,117.3922583,7.305704167
25/10/2017, 08:00:00,769.070975,118.2229708
25/10/2017, 10:00:00,1077.944508,305.5203167
25/10/2017, 12:00:00,1113.358575,448.0002167
25/10/2017, 14:00:00,894.2051417,447.975325
25/10/2017, 16:00:00,450.349675,273.8207792
25/10/2017, 18:00:00,21.15240833,64.35740417
25/10/2017, 20:00:00,0,0.1120125
25/10/2017, 22:00:00,0,0
25/10/2017, 24:00:00,0,0
26/10/2017, 02:00:00,0,0
26/10/2017, 04:00:00,0,0
26/10/2017, 06:00:00,115.87485,6.509170833
26/10/2017, 08:00:00,855.0860417,107.9178208
26/10/2017, 10:00:00,1197.316642,287.2498333
26/10/2017, 12:00:00,1183.897725,421.9510875
26/10/2017, 14:00:00,896.8810667,429.1696708
26/10/2017, 16:00:00,416.1868,258.2510417
26/10/2017, 18:00:00,22.863925,61.70644167
26/10/2017, 20:00:00,0,0.124458333
26/10/2017, 22:00:00,0,0
26/10/2017, 24:00:00,0,0
27/10/2017, 02:00:00,0,0
27/10/2017, 04:00:00,0,0
27/10/2017, 06:00:00,109.720425,8.052454167
27/10/2017, 08:00:00,837.19,135.2613167
27/10/2017, 10:00:00,1275.00685,398.1919917
27/10/2017, 12:00:00,1223.298167,603.2370958
27/10/2017, 14:00:00,883.795225,580.4612208
27/10/2017, 16:00:00,384.1287333,364.7375917
27/10/2017, 18:00:00,19.812625,78.04782083
27/10/2017, 20:00:00,0,0.161795833
27/10/2017, 22:00:00,0,0
27/10/2017, 24:00:00,0,0
28/10/2017, 02:00:00,0,0
28/10/2017, 04:00:00,0,0
28/10/2017, 06:00:00,87.42834167,9.234808333
28/10/2017, 08:00:00,701.2653583,142.03185
28/10/2017, 10:00:00,1162.4178,385.4101208
28/10/2017, 12:00:00,1116.873417,616.1185333
28/10/2017, 14:00:00,780.3228667,540.3358542
28/10/2017, 16:00:00,268.6399583,281.22605
28/10/2017, 18:00:00,13.485725,58.38340417
28/10/2017, 20:00:00,0,0.1120125
28/10/2017, 22:00:00,0,0
28/10/2017, 24:00:00,0,0
29/10/2017, 02:00:00,0,0
29/10/2017, 04:00:00,0,0
29/10/2017, 06:00:00,77.02885,6.932329167
29/10/2017, 08:00:00,263.65775,76.00670417
29/10/2017, 10:00:00,676.9367333,235.2760333
29/10/2017, 12:00:00,1316.763992,522.3018417
29/10/2017, 14:00:00,575.8185167,449.0581125
29/10/2017, 16:00:00,226.2004667,191.7031708
29/10/2017, 18:00:00,11.869825,42.2287125
29/10/2017, 20:00:00,0,0.136904167
29/10/2017, 22:00:00,0,0
29/10/2017, 24:00:00,0,0
30/10/2017, 02:00:00,0,0
30/10/2017, 04:00:00,0,0
30/10/2017, 06:00:00,66.59525833,6.4593875
30/10/2017, 08:00:00,571.6701917,100.587225
30/10/2017, 10:00:00,1118.462625,310.8969167
30/10/2017, 12:00:00,1272.931625,463.955775
30/10/2017, 14:00:00,737.4291417,484.4540625
30/10/2017, 16:00:00,267.78835,272.6010875
30/10/2017, 18:00:00,7.802091667,50.28116667
30/10/2017, 20:00:00,0,0.049783333
30/10/2017, 22:00:00,0,0
30/10/2017, 24:00:00,0,0
31/10/2017, 02:00:00,0,0
31/10/2017, 04:00:00,0,0
31/10/2017, 06:00:00,82.245125,5.911770833
31/10/2017, 08:00:00,734.767975,74.9363625
31/10/2017, 10:00:00,1322.701342,214.9644333
31/10/2017, 12:00:00,1805.153167,492.9919042
31/10/2017, 14:00:00,1221.229383,387.0529708
31/10/2017, 16:00:00,39.51245833,125.7527
31/10/2017, 18:00:00,20.06283333,23.87110833
31/10/2017, 20:00:00,0,0.136904167
31/10/2017, 22:00:00,0,0
31/10/2017, 24:00:00,0,0
1/11/2017, 02:00:00,0,0
1/11/2017, 04:00:00,0,0
1/11/2017, 06:00:00,81.722525,6.110904167
1/11/2017, 08:00:00,537.5294667,96.704125
1/11/2017, 10:00:00,1109.935375,265.2456
1/11/2017, 12:00:00,1384.2936,458.8405375
1/11/2017, 14:00:00,999.2906583,448.4731583
1/11/2017, 16:00:00,386.7686667,236.1596875
1/11/2017, 18:00:00,16.71265833,53.00680417
1/11/2017, 20:00:00,0,0.14935
1/11/2017, 22:00:00,0,0
1/11/2017, 24:00:00,0,0
2/11/2017, 02:00:00,0,0
2/11/2017, 04:00:00,0,0
2/11/2017, 06:00:00,44.07001667,5.090345833
2/11/2017, 08:00:00,589.2873667,100.2511875
2/11/2017, 10:00:00,1260.998033,316.2237333
2/11/2017, 12:00:00,1533.161758,545.0279333
2/11/2017, 14:00:00,1161.069233,548.7492375
2/11/2017, 16:00:00,469.2612667,302.6204375
2/11/2017, 18:00:00,16.159425,57.36284583
2/11/2017, 20:00:00,0,0.14935
2/11/2017, 22:00:00,0,0
2/11/2017, 24:00:00,0,0
3/11/2017, 02:00:00,0,0
3/11/2017, 04:00:00,0,0
3/11/2017, 06:00:00,67.353775,7.392825
3/11/2017, 08:00:00,572.96035,97.0401625
3/11/2017, 10:00:00,1217.483142,296.3104
3/11/2017, 12:00:00,1719.328192,532.8932458
3/11/2017, 14:00:00,1332.172817,554.3498625
3/11/2017, 16:00:00,609.3091917,316.8086875
3/11/2017, 18:00:00,20.80315,61.22105417
3/11/2017, 20:00:00,0,0.161795833
3/11/2017, 22:00:00,0,0
3/11/2017, 24:00:00,0,0
4/11/2017, 02:00:00,0,0
4/11/2017, 04:00:00,0,0
4/11/2017, 06:00:00,104.2337583,8.015116667
4/11/2017, 08:00:00,555.8690583,93.20684583
4/11/2017, 10:00:00,1038.581717,268.7802167
4/11/2017, 12:00:00,1477.231242,478.4302792
4/11/2017, 14:00:00,1254.231342,523.2726167
4/11/2017, 16:00:00,606.2092333,326.0434958
4/11/2017, 18:00:00,25.05238333,68.4396375
4/11/2017, 20:00:00,0,0.174241667
4/11/2017, 22:00:00,0,0
4/11/2017, 24:00:00,0,0
5/11/2017, 02:00:00,0,0
5/11/2017, 04:00:00,0,0
5/11/2017, 06:00:00,112.429775,8.537841667
5/11/2017, 08:00:00,550.2424083,95.210625
5/11/2017, 10:00:00,953.409575,252.2148125
5/11/2017, 12:00:00,1243.999367,452.7918625
5/11/2017, 14:00:00,1445.3295,527.2677292
5/11/2017, 16:00:00,679.3114167,364.787375
5/11/2017, 18:00:00,38.43705,83.83513333
5/11/2017, 20:00:00,0,0.2613625
5/11/2017, 22:00:00,0,0
5/11/2017, 24:00:00,0,0
6/11/2017, 02:00:00,0,0
6/11/2017, 04:00:00,0,0
6/11/2017, 06:00:00,173.3816333,11.15146667
6/11/2017, 08:00:00,728.3373,115.3106458
6/11/2017, 10:00:00,1152.292258,240.4410542
6/11/2017, 12:00:00,1305.604308,383.2943292
6/11/2017, 14:00:00,1316.209025,477.397275
6/11/2017, 16:00:00,653.742325,341.4141
6/11/2017, 18:00:00,38.84356667,84.905475
6/11/2017, 20:00:00,0,0.311145833
6/11/2017, 22:00:00,0,0
6/11/2017, 24:00:00,0,0
7/11/2017, 02:00:00,0,0
7/11/2017, 04:00:00,0,0
7/11/2017, 06:00:00,170.2049417,11.54973333
7/11/2017, 08:00:00,806.0089667,120.5005583
7/11/2017, 10:00:00,1005.016933,244.2743708
7/11/2017, 12:00:00,1041.824892,389.6914875
7/11/2017, 14:00:00,1030.777825,458.4173792
7/11/2017, 16:00:00,589.5028417,315.501875
7/11/2017, 18:00:00,8.688841667,59.54086667
7/11/2017, 20:00:00,0,0.0373375
7/11/2017, 22:00:00,0,0
7/11/2017, 24:00:00,0,0
8/11/2017, 02:00:00,0,0
8/11/2017, 04:00:00,0,0
8/11/2017, 06:00:00,161.3232833,9.720195833
8/11/2017, 08:00:00,985.9722417,130.3452125
8/11/2017, 10:00:00,526.7595833,289.2660583
8/11/2017, 12:00:00,1084.423658,328.5948917
8/11/2017, 14:00:00,921.0254167,373.9475083
8/11/2017, 16:00:00,542.3260833,112.8588167
8/11/2017, 18:00:00,37.2238,27.8164375
8/11/2017, 20:00:00,0,0.14935
8/11/2017, 22:00:00,0,0
8/11/2017, 24:00:00,0,0
9/11/2017, 02:00:00,0,0
9/11/2017, 04:00:00,0,0
9/11/2017, 06:00:00,165.7185167,5.165020833
9/11/2017, 08:00:00,1019.883067,93.58022083
9/11/2017, 10:00:00,1333.08525,351.1094042
9/11/2017, 12:00:00,946.0637833,505.7862208
9/11/2017, 14:00:00,573.017325,472.0082292
9/11/2017, 16:00:00,500.6357917,217.8145292
9/11/2017, 18:00:00,26.32760833,47.36884167
9/11/2017, 20:00:00,0,0.199133333
9/11/2017, 22:00:00,0,0
9/11/2017, 24:00:00,0,0
10/11/2017, 02:00:00,0,0
10/11/2017, 04:00:00,0,0
10/11/2017, 06:00:00,91.19890833,7.0567875
10/11/2017, 08:00:00,993.1130167,130.6688042
10/11/2017, 10:00:00,1389.423167,295.2276125
10/11/2017, 12:00:00,1230.23435,506.0973667
10/11/2017, 14:00:00,762.156275,305.8190167
10/11/2017, 16:00:00,431.9727333,221.9714375
10/11/2017, 18:00:00,31.62905833,64.36985
10/11/2017, 20:00:00,0,0.2613625
10/11/2017, 22:00:00,0,0
10/11/2017, 24:00:00,0,0
11/11/2017, 02:00:00,0,0
11/11/2017, 04:00:00,0,0
11/11/2017, 06:00:00,75.33191667,6.695858333
11/11/2017, 08:00:00,451.7974083,107.457325
11/11/2017, 10:00:00,1240.474933,321.25185
11/11/2017, 12:00:00,751.2980167,488.9096708
11/11/2017, 14:00:00,345.4974417,205.7918542
11/11/2017, 16:00:00,288.4213667,151.0177417
11/11/2017, 18:00:00,29.77010833,57.84823333
11/11/2017, 20:00:00,0,0.2613625
11/11/2017, 22:00:00,0,0
11/11/2017, 24:00:00,0,0
12/11/2017, 02:00:00,0,0
12/11/2017, 04:00:00,0,0
12/11/2017, 06:00:00,165.9379583,9.720195833
12/11/2017, 08:00:00,938.8395167,115.3106458
12/11/2017, 10:00:00,1759.459225,338.0163875
12/11/2017, 12:00:00,1823.673608,588.3269875
12/11/2017, 14:00:00,1150.44025,429.0203208
12/11/2017, 16:00:00,350.9814,280.3175042
12/11/2017, 18:00:00,22.52525833,61.81845417
12/11/2017, 20:00:00,0,0.211579167
12/11/2017, 22:00:00,0,0
12/11/2017, 24:00:00,0,0
13/11/2017, 02:00:00,0,0
13/11/2017, 04:00:00,0,0
13/11/2017, 06:00:00,72.24355,7.231029167
13/11/2017, 08:00:00,919.77365,100.1142833
13/11/2017, 10:00:00,1568.32925,343.1938542
13/11/2017, 12:00:00,2048.545758,578.5445625
13/11/2017, 14:00:00,1233.405492,491.6726458
13/11/2017, 16:00:00,424.269,307.81035
13/11/2017, 18:00:00,23.02825,51.88667917
13/11/2017, 20:00:00,0,0.360929167
13/11/2017, 22:00:00,0,0
13/11/2017, 24:00:00,0,0
14/11/2017, 02:00:00,0,0
14/11/2017, 04:00:00,0,0
14/11/2017, 06:00:00,121.5790917,9.994004167
14/11/2017, 08:00:00,719.877775,124.2592
14/11/2017, 10:00:00,1376.063525,280.7157708
14/11/2017, 12:00:00,741.5954083,486.0346833
14/11/2017, 14:00:00,1325.752267,424.079325
14/11/2017, 16:00:00,480.5124417,248.8295458
14/11/2017, 18:00:00,24.443325,53.79089167
14/11/2017, 20:00:00,0,0.435604167
14/11/2017, 22:00:00,0,0
14/11/2017, 24:00:00,0,0
15/11/2017, 02:00:00,0,0
15/11/2017, 04:00:00,0,0
15/11/2017, 06:00:00,100.0308917,10.61629583
15/11/2017, 08:00:00,741.8662167,118.4718875
15/11/2017, 10:00:00,1480.766133,357.0460667
15/11/2017, 12:00:00,2321.216008,541.2692917
15/11/2017, 14:00:00,675.2769167,492.9172292
15/11/2017, 16:00:00,496.106025,260.7028708
15/11/2017, 18:00:00,40.845225,52.496525
15/11/2017, 20:00:00,0,0.510279167
15/11/2017, 22:00:00,0,0
15/11/2017, 24:00:00,0,0
16/11/2017, 02:00:00,0,0
16/11/2017, 04:00:00,0,0
16/11/2017, 06:00:00,131.583375,11.02700833
16/11/2017, 08:00:00,703.4325917,123.2510875
16/11/2017, 10:00:00,1339.298092,330.3622
16/11/2017, 12:00:00,1735.356717,553.9267042
16/11/2017, 14:00:00,1424.497083,560.4732125
16/11/2017, 16:00:00,604.175425,328.3833125
16/11/2017, 18:00:00,34.47380833,70.61765833
16/11/2017, 20:00:00,0,0.4853875
16/11/2017, 22:00:00,0,0
16/11/2017, 24:00:00,0,0
17/11/2017, 02:00:00,0,0
17/11/2017, 04:00:00,0,0
17/11/2017, 06:00:00,138.1073833,9.944220833
17/11/2017, 08:00:00,674.1394417,104.918375
17/11/2017, 10:00:00,1297.734075,307.21295
17/11/2017, 12:00:00,1755.378225,510.552975
17/11/2017, 14:00:00,1491.312433,535.0214833
17/11/2017, 16:00:00,698.8642667,298.4635292
17/11/2017, 18:00:00,28.13703333,71.4266375
17/11/2017, 20:00:00,0,0.423158333
17/11/2017, 22:00:00,0,0
17/11/2017, 24:00:00,0,0
18/11/2017, 02:00:00,0,0
18/11/2017, 04:00:00,0,0
18/11/2017, 06:00:00,168.0078917,12.33382083
18/11/2017, 08:00:00,440.73605,102.8897042
18/11/2017, 10:00:00,712.3581833,133.444225
18/11/2017, 12:00:00,1702.587925,443.8184167
18/11/2017, 14:00:00,1537.339592,373.3252167
18/11/2017, 16:00:00,552.578625,383.0703042
18/11/2017, 18:00:00,43.55141667,67.26972917
18/11/2017, 20:00:00,0,0.5974
18/11/2017, 22:00:00,0,0
18/11/2017, 24:00:00,0,0
19/11/2017, 02:00:00,0,0
19/11/2017, 04:00:00,0,0
19/11/2017, 06:00:00,97.16725833,11.13902083
19/11/2017, 08:00:00,423.2705333,114.0660625
19/11/2017, 10:00:00,669.5719167,266.5275208
19/11/2017, 12:00:00,844.0157667,288.39485
19/11/2017, 14:00:00,929.093575,439.6739542
19/11/2017, 16:00:00,691.3470583,171.9640792
19/11/2017, 18:00:00,46.100875,85.1295
19/11/2017, 20:00:00,0,0.547616667
19/11/2017, 22:00:00,0,0
19/11/2017, 24:00:00,0,0
20/11/2017, 02:00:00,0,0
20/11/2017, 04:00:00,0,0
20/11/2017, 06:00:00,176.9160417,12.38360417
20/11/2017, 08:00:00,673.0057,135.0746292
20/11/2017, 10:00:00,962.2842083,343.4676625
20/11/2017, 12:00:00,1376.910075,557.8098042
20/11/2017, 14:00:00,1359.845108,543.3477458
20/11/2017, 16:00:00,682.03685,360.97895
20/11/2017, 18:00:00,63.399975,86.7350125
20/11/2017, 20:00:00,0,0.796533333
20/11/2017, 22:00:00,0,0
20/11/2017, 24:00:00,0,0
21/11/2017, 02:00:00,0,0
21/11/2017, 04:00:00,0,0
21/11/2017, 06:00:00,195.7229667,15.66930417
21/11/2017, 08:00:00,712.464475,147.1968708
21/11/2017, 10:00:00,1227.186383,376.436675
21/11/2017, 12:00:00,806.9259167,446.6809583
21/11/2017, 14:00:00,1411.706033,424.4900375
21/11/2017, 16:00:00,491.8161917,243.9009958
21/11/2017, 18:00:00,55.3617,70.81679167
21/11/2017, 20:00:00,0,0.74675
21/11/2017, 22:00:00,0,0
21/11/2017, 24:00:00,0,0
22/11/2017, 02:00:00,0,0
22/11/2017, 04:00:00,0,0
22/11/2017, 06:00:00,20.90435,2.327370833
22/11/2017, 08:00:00,243.4383,46.46029583
22/11/2017, 10:00:00,434.3814083,134.7759292
22/11/2017, 12:00:00,613.4426667,258.3381625
22/11/2017, 14:00:00,748.6833833,357.1954167
22/11/2017, 16:00:00,368.0559417,215.81075
22/11/2017, 18:00:00,82.910575,69.54731667
22/11/2017, 20:00:00,0,1.057895833
22/11/2017, 22:00:00,0,0
22/11/2017, 24:00:00,0,0
23/11/2017, 02:00:00,0,0
23/11/2017, 04:00:00,0,0
23/11/2017, 06:00:00,230.6440917,16.8392125
23/11/2017, 08:00:00,959.9039167,156.1952083
23/11/2017, 10:00:00,1259.25325,392.8029458
23/11/2017, 12:00:00,1445.1007,575.44555
23/11/2017, 14:00:00,1170.150242,528.6367708
23/11/2017, 16:00:00,720.682975,345.9941667
23/11/2017, 18:00:00,68.46781667,97.94870833
23/11/2017, 20:00:00,0,0.995666667
23/11/2017, 22:00:00,0,0
23/11/2017, 24:00:00,0,0
24/11/2017, 02:00:00,0,0
24/11/2017, 04:00:00,0,0
24/11/2017, 06:00:00,199.6947833,13.42905417
24/11/2017, 08:00:00,1007.418133,145.6411417
24/11/2017, 10:00:00,665.6121917,305.8065708
24/11/2017, 12:00:00,1389.356817,534.4863125
24/11/2017, 14:00:00,1040.439875,537.5230958
24/11/2017, 16:00:00,635.9415167,337.7176875
24/11/2017, 18:00:00,70.64510833,98.54610833
24/11/2017, 20:00:00,0,1.095233333
24/11/2017, 22:00:00,0,0
24/11/2017, 24:00:00,0,0
25/11/2017, 02:00:00,0,0
25/11/2017, 04:00:00,0,0
25/11/2017, 06:00:00,163.7701167,13.22992083
25/11/2017, 08:00:00,986.7299333,138.6465833
25/11/2017, 10:00:00,1230.557567,355.4654458
25/11/2017, 12:00:00,1353.125683,596.0682958
25/11/2017, 14:00:00,1036.746867,589.18575
25/11/2017, 16:00:00,551.2415667,368.5335708
25/11/2017, 18:00:00,66.78306667,99.31775
25/11/2017, 20:00:00,0,1.1948
25/11/2017, 22:00:00,0,0
25/11/2017, 24:00:00,0,0
26/11/2017, 02:00:00,0,0
26/11/2017, 04:00:00,0,0
26/11/2017, 06:00:00,152.5019,11.73642083
26/11/2017, 08:00:00,953.800875,141.5838
26/11/2017, 10:00:00,1245.72185,372.4415625
26/11/2017, 12:00:00,1431.09795,546.396975
26/11/2017, 14:00:00,1039.538942,558.3325292
26/11/2017, 16:00:00,516.17115,348.508225
26/11/2017, 18:00:00,66.1992,91.9622625
26/11/2017, 20:00:00,0,1.107679167
26/11/2017, 22:00:00,0,0
26/11/2017, 24:00:00,0,0
27/11/2017, 02:00:00,0,0
27/11/2017, 04:00:00,0,0
27/11/2017, 06:00:00,182.2137583,11.48750417
27/11/2017, 08:00:00,829.2463417,120.7619208
27/11/2017, 10:00:00,1692.948208,360.456225
27/11/2017, 12:00:00,1586.292042,587.6549125
27/11/2017, 14:00:00,1181.593508,552.4705417
27/11/2017, 16:00:00,497.2195,333.1376208
27/11/2017, 18:00:00,64.3215,86.07538333
27/11/2017, 20:00:00,0,1.057895833
27/11/2017, 22:00:00,0,0
27/11/2017, 24:00:00,0,0
28/11/2017, 02:00:00,0,0
28/11/2017, 04:00:00,0,0
28/11/2017, 06:00:00,194.7981333,15.38305
28/11/2017, 08:00:00,859.1472833,125.2922042
28/11/2017, 10:00:00,633.84585,229.7500833
28/11/2017, 12:00:00,588.1771167,157.8131667
28/11/2017, 14:00:00,501.9139333,122.5541208
28/11/2017, 16:00:00,347.8752833,141.1108583
28/11/2017, 18:00:00,49.21973333,38.13403333
28/11/2017, 20:00:00,0,0.5974
28/11/2017, 22:00:00,0,0
28/11/2017, 24:00:00,0,0
29/11/2017, 02:00:00,0,0
29/11/2017, 04:00:00,0,0
29/11/2017, 06:00:00,37.86335,3.73375
29/11/2017, 08:00:00,1007.121392,88.041825
29/11/2017, 10:00:00,1399.676708,223.1662375
29/11/2017, 12:00:00,810.1810667,226.638625
29/11/2017, 14:00:00,1123.2803,273.9203458
29/11/2017, 16:00:00,415.7638917,133.9171667
29/11/2017, 18:00:00,12.52525833,38.66920417
29/11/2017, 20:00:00,0,0.2987
29/11/2017, 22:00:00,0,0
29/11/2017, 24:00:00,0,0
30/11/2017, 02:00:00,0,0
30/11/2017, 04:00:00,0,0
30/11/2017, 06:00:00,17.89484167,1.182354167
30/11/2017, 08:00:00,300.2536417,34.49985
30/11/2017, 10:00:00,973.908675,136.1698625
30/11/2017, 12:00:00,988.712125,224.7095208
30/11/2017, 14:00:00,661.5514167,188.1436625
30/11/2017, 16:00:00,253.8355667,112.5601167
30/11/2017, 18:00:00,20.63209167,25.016125
30/11/2017, 20:00:00,0,0.211579167
30/11/2017, 22:00:00,0,0
30/11/2017, 24:00:00,0,0
1/12/2017, 02:00:00,0,0
1/12/2017, 04:00:00,0,0
1/12/2017, 06:00:00,91.35665,5.277033333
1/12/2017, 08:00:00,639.9745,57.49975
1/12/2017, 10:00:00,1344.314417,141.6958125
1/12/2017, 12:00:00,1454.0252,247.1866958
1/12/2017, 14:00:00,1270.451742,247.3236
1/12/2017, 16:00:00,161.02325,210.1105583
1/12/2017, 18:00:00,50.90376667,39.60264167
1/12/2017, 20:00:00,0,0.871208333
1/12/2017, 22:00:00,0,0
1/12/2017, 24:00:00,0,0
2/12/2017, 02:00:00,0,0
2/12/2017, 04:00:00,0,0
2/12/2017, 06:00:00,92.02883333,8.450720833
2/12/2017, 08:00:00,716.9227667,109.7349125
2/12/2017, 10:00:00,872.5589333,282.0599208
2/12/2017, 12:00:00,1798.807075,496.3522792
2/12/2017, 14:00:00,1215.314617,494.9459
2/12/2017, 16:00:00,482.678825,218.3870375
2/12/2017, 18:00:00,34.21043333,38.89322917
2/12/2017, 20:00:00,0,0.734304167
2/12/2017, 22:00:00,0,0
2/12/2017, 24:00:00,0,0
3/12/2017, 02:00:00,0,0
3/12/2017, 04:00:00,0,0
3/12/2017, 06:00:00,71.779775,6.882545833
3/12/2017, 08:00:00,576.7000667,85.353525
3/12/2017, 10:00:00,1033.62845,217.1175625
3/12/2017, 12:00:00,937.4955,345.5834542
3/12/2017, 14:00:00,775.51535,233.7949792
3/12/2017, 16:00:00,192.14875,66.51053333
3/12/2017, 18:00:00,15.31318333,21.3943875
3/12/2017, 20:00:00,0,0.273808333
3/12/2017, 22:00:00,0,0
3/12/2017, 24:00:00,0,0
4/12/2017, 02:00:00,0,0
4/12/2017, 04:00:00,0,0
4/12/2017, 06:00:00,85.66428333,5.737529167
4/12/2017, 08:00:00,179.6186167,36.50362917
4/12/2017, 10:00:00,763.165,137.4891208
4/12/2017, 12:00:00,373.69215,204.1241125
4/12/2017, 14:00:00,337.883,98.73279583
4/12/2017, 16:00:00,191.8494417,44.66809583
4/12/2017, 18:00:00,92.60825,35.75687917
4/12/2017, 20:00:00,0,1.269475
4/12/2017, 22:00:00,0,0
4/12/2017, 24:00:00,0,0
5/12/2017, 02:00:00,0,0
5/12/2017, 04:00:00,0,0
5/12/2017, 06:00:00,43.31881667,2.850095833
5/12/2017, 08:00:00,127.9583667,27.5924125
5/12/2017, 10:00:00,374.2766083,131.801375
5/12/2017, 12:00:00,1335.364183,500.5216333
5/12/2017, 14:00:00,1310.860958,644.4079125
5/12/2017, 16:00:00,796.4302833,462.1262375
5/12/2017, 18:00:00,94.6948,137.7007
5/12/2017, 20:00:00,0,2.290033333
5/12/2017, 22:00:00,0,0
5/12/2017, 24:00:00,0,0
6/12/2017, 02:00:00,0,0
6/12/2017, 04:00:00,0,0
6/12/2017, 06:00:00,234.108775,14.95989167
6/12/2017, 08:00:00,799.0903417,138.1363042
6/12/2017, 10:00:00,976.3633,313.18695
6/12/2017, 12:00:00,1301.271833,537.0128167
6/12/2017, 14:00:00,1301.094467,612.9572917
6/12/2017, 16:00:00,783.8997083,419.3872458
6/12/2017, 18:00:00,102.123725,126.1011833
6/12/2017, 20:00:00,0,2.439383333
6/12/2017, 22:00:00,0,0
6/12/2017, 24:00:00,0,0
7/12/2017, 02:00:00,0,0
7/12/2017, 04:00:00,0,0
7/12/2017, 06:00:00,182.37465,15.59462917
7/12/2017, 08:00:00,895.6542583,152.1254208
7/12/2017, 10:00:00,1060.449908,334.5813375
7/12/2017, 12:00:00,1240.651067,525.338625
7/12/2017, 14:00:00,1162.8511,571.4504375
7/12/2017, 16:00:00,732.503975,389.9030667
7/12/2017, 18:00:00,129.9942333,121.7451417
7/12/2017, 20:00:00,0,2.0909
7/12/2017, 22:00:00,0,0
7/12/2017, 24:00:00,0,0
8/12/2017, 02:00:00,0,0
8/12/2017, 04:00:00,0,0
8/12/2017, 06:00:00,145.5406083,11.97289167
8/12/2017, 08:00:00,961.3924167,147.2342083
8/12/2017, 10:00:00,1228.285308,379.4112292
8/12/2017, 12:00:00,1181.791075,485.23815
8/12/2017, 14:00:00,999.32505,501.06925
8/12/2017, 16:00:00,389.0605917,248.891775
8/12/2017, 18:00:00,57.18385833,46.32339167
8/12/2017, 20:00:00,0,1.070341667
8/12/2017, 22:00:00,0,0
8/12/2017, 24:00:00,0,0
9/12/2017, 02:00:00,0,0
9/12/2017, 04:00:00,0,0
9/12/2017, 06:00:00,94.04666667,6.546508333
9/12/2017, 08:00:00,389.2451167,73.08193333
9/12/2017, 10:00:00,850.6510583,195.2626792
9/12/2017, 12:00:00,1214.759458,380.4566792
9/12/2017, 14:00:00,929.0804583,424.9505333
9/12/2017, 16:00:00,513.0163167,288.2579458
9/12/2017, 18:00:00,94.89003333,67.0954875
9/12/2017, 20:00:00,0,2.713191667
9/12/2017, 22:00:00,0,0
9/12/2017, 24:00:00,0,0
10/12/2017, 02:00:00,0,0
10/12/2017, 04:00:00,0,0
10/12/2017, 06:00:00,116.2736167,11.06434583
10/12/2017, 08:00:00,607.662625,115.4226583
10/12/2017, 10:00:00,1224.473408,325.2843
10/12/2017, 12:00:00,1223.106133,551.7362375
10/12/2017, 14:00:00,798.599525,525.936025
10/12/2017, 16:00:00,497.21045,332.975825
10/12/2017, 18:00:00,72.860325,93.91625833
10/12/2017, 20:00:00,0,1.879320833
10/12/2017, 22:00:00,0,0
10/12/2017, 24:00:00,0,0
11/12/2017, 02:00:00,0,0
11/12/2017, 04:00:00,0,0
11/12/2017, 06:00:00,130.6668583,13.516175
11/12/2017, 08:00:00,734.1620417,134.7510375
11/12/2017, 10:00:00,1154.8876,372.1179708
11/12/2017, 12:00:00,1576.651783,550.6161125
11/12/2017, 14:00:00,954.4680833,652.6595
11/12/2017, 16:00:00,502.6411667,317.6923417
11/12/2017, 18:00:00,68.8447,121.4091042
11/12/2017, 20:00:00,0,2.514058333
11/12/2017, 22:00:00,0,0
11/12/2017, 24:00:00,0,0
12/12/2017, 02:00:00,0,0
12/12/2017, 04:00:00,0,0
12/12/2017, 06:00:00,150.4213667,15.3457125
12/12/2017, 08:00:00,756.9629833,131.7018083
12/12/2017, 10:00:00,1245.449708,340.1321792
12/12/2017, 12:00:00,1464.201683,604.2452083
12/12/2017, 14:00:00,597.0214667,564.468325
12/12/2017, 16:00:00,487.2859,252.0405708
12/12/2017, 18:00:00,68.37348333,112.7965875
12/12/2017, 20:00:00,0,2.3522625
12/12/2017, 22:00:00,0,0
12/12/2017, 24:00:00,0,0
13/12/2017, 02:00:00,0,0
13/12/2017, 04:00:00,0,0
13/12/2017, 06:00:00,53.57660833,10.50428333
13/12/2017, 08:00:00,649.584025,129.9967292
13/12/2017, 10:00:00,1372.881892,347.2636417
13/12/2017, 12:00:00,1626.986608,375.7397083
13/12/2017, 14:00:00,739.58895,319.3227458
13/12/2017, 16:00:00,198.1047833,347.612125
13/12/2017, 18:00:00,70.87126667,100.6867917
13/12/2017, 20:00:00,0,2.53895
13/12/2017, 22:00:00,0,0
13/12/2017, 24:00:00,0,0
14/12/2017, 02:00:00,0,0
14/12/2017, 04:00:00,0,0
14/12/2017, 06:00:00,98.65160833,11.6866375
14/12/2017, 08:00:00,732.1143167,127.1839708
14/12/2017, 10:00:00,1567.643008,344.2641958
14/12/2017, 12:00:00,1916.866592,581.792925
14/12/2017, 14:00:00,1533.542775,622.2916667
14/12/2017, 16:00:00,621.7087333,361.501675
14/12/2017, 18:00:00,70.614475,93.2317375
14/12/2017, 20:00:00,0,2.252695833
14/12/2017, 22:00:00,0,0
14/12/2017, 24:00:00,0,0
15/12/2017, 02:00:00,0,0
15/12/2017, 04:00:00,0,0
15/12/2017, 06:00:00,99.84024167,11.71152917
15/12/2017, 08:00:00,602.209525,129.0259542
15/12/2017, 10:00:00,1364.000325,380.917175
15/12/2017, 12:00:00,1830.423792,627.6558208
15/12/2017, 14:00:00,1631.423025,671.4527083
15/12/2017, 16:00:00,732.2911167,425.0252083
15/12/2017, 18:00:00,62.82383333,112.3112
15/12/2017, 20:00:00,0,2.638516667
15/12/2017, 22:00:00,0,0
15/12/2017, 24:00:00,0,0
16/12/2017, 02:00:00,0,0
16/12/2017, 04:00:00,0,0
16/12/2017, 06:00:00,81.64379167,9.807316667
16/12/2017, 08:00:00,677.7963667,118.3225375
16/12/2017, 10:00:00,1162.732667,259.0600208
16/12/2017, 12:00:00,1923.590683,518.4436333
16/12/2017, 14:00:00,1647.0846,574.7983667
16/12/2017, 16:00:00,843.8162333,416.2508958
16/12/2017, 18:00:00,88.46880833,113.1450708
16/12/2017, 20:00:00,0,2.588733333
16/12/2017, 22:00:00,0,0
16/12/2017, 24:00:00,0,0
17/12/2017, 02:00:00,0,0
17/12/2017, 04:00:00,0,0
17/12/2017, 06:00:00,128.55985,10.72830833
17/12/2017, 08:00:00,618.6846917,121.9193833
17/12/2017, 10:00:00,1267.892675,337.157625
17/12/2017, 12:00:00,1483.123425,541.5306542
17/12/2017, 14:00:00,1605.64535,469.10835
17/12/2017, 16:00:00,827.1473917,397.5074708
17/12/2017, 18:00:00,89.98336667,120.749475
17/12/2017, 20:00:00,0,2.003779167
17/12/2017, 22:00:00,0,0
17/12/2017, 24:00:00,0,0
18/12/2017, 02:00:00,0,0
18/12/2017, 04:00:00,0,0
18/12/2017, 06:00:00,128.1622083,10.16824583
18/12/2017, 08:00:00,610.72815,112.7841417
18/12/2017, 10:00:00,1161.996492,303.7530083
18/12/2017, 12:00:00,1612.802933,521.2190542
18/12/2017, 14:00:00,1472.803058,571.56245
18/12/2017, 16:00:00,790.4710833,387.4512375
18/12/2017, 18:00:00,100.9016,114.9746083
18/12/2017, 20:00:00,0,2.738083333
18/12/2017, 22:00:00,0,0
18/12/2017, 24:00:00,0,0
19/12/2017, 02:00:00,0,0
19/12/2017, 04:00:00,0,0
19/12/2017, 06:00:00,89.30931667,10.62874167
19/12/2017, 08:00:00,655.4919833,116.7045792
19/12/2017, 10:00:00,668.8489833,300.9651417
19/12/2017, 12:00:00,1239.007558,512.0589208
19/12/2017, 14:00:00,1076.09215,581.2328625
19/12/2017, 16:00:00,432.8443167,401.6519333
19/12/2017, 18:00:00,114.6071833,124.9063833
19/12/2017, 20:00:00,0,3.111458333
19/12/2017, 22:00:00,0,0
19/12/2017, 24:00:00,0,0
20/12/2017, 02:00:00,0,0
20/12/2017, 04:00:00,0,0
20/12/2017, 06:00:00,145.530875,10.47939167
20/12/2017, 08:00:00,632.9252083,90.89192083
20/12/2017, 10:00:00,1095.126833,236.5704
20/12/2017, 12:00:00,1386.22255,425.8092958
20/12/2017, 14:00:00,1373.144608,506.1098125
20/12/2017, 16:00:00,778.4681417,354.482225
20/12/2017, 18:00:00,117.4329,111.6764625
20/12/2017, 20:00:00,0,2.825204167
20/12/2017, 22:00:00,0,0
20/12/2017, 24:00:00,0,0
21/12/2017, 02:00:00,0,0
21/12/2017, 04:00:00,0,0
21/12/2017, 06:00:00,151.08625,9.545954167
21/12/2017, 08:00:00,609.5910417,101.558
21/12/2017, 10:00:00,1028.8294,234.7906458
21/12/2017, 12:00:00,1238.618158,406.4933625
21/12/2017, 14:00:00,1020.8934,458.1560167
21/12/2017, 16:00:00,490.7143833,270.8586708
21/12/2017, 18:00:00,113.43115,103.8480333
21/12/2017, 20:00:00,0,2.439383333
21/12/2017, 22:00:00,0,0
21/12/2017, 24:00:00,0,0
22/12/2017, 02:00:00,0,0
22/12/2017, 04:00:00,0,0
22/12/2017, 06:00:00,154.3209083,8.264033333
22/12/2017, 08:00:00,694.5542083,95.63378333
22/12/2017, 10:00:00,965.4073333,210.9693208
22/12/2017, 12:00:00,1128.729525,357.5687917
22/12/2017, 14:00:00,711.4910167,235.0271167
22/12/2017, 16:00:00,716.6816333,241.9843375
22/12/2017, 18:00:00,108.51475,88.26585
22/12/2017, 20:00:00,0,3.036783333
22/12/2017, 22:00:00,0,0
22/12/2017, 24:00:00,0,0
23/12/2017, 02:00:00,0,0
23/12/2017, 04:00:00,0,0
23/12/2017, 06:00:00,132.2305083,12.44583333
23/12/2017, 08:00:00,515.3517167,111.26575
23/12/2017, 10:00:00,850.95995,241.4118292
23/12/2017, 12:00:00,962.6373417,454.8703167
23/12/2017, 14:00:00,852.459575,429.0701042
23/12/2017, 16:00:00,568.1571833,365.5963542
23/12/2017, 18:00:00,91.4212,115.8956
23/12/2017, 20:00:00,0,3.385266667
23/12/2017, 22:00:00,0,0
23/12/2017, 24:00:00,0,0
24/12/2017, 02:00:00,0,0
24/12/2017, 04:00:00,0,0
24/12/2017, 06:00:00,90.24604167,8.712083333
24/12/2017, 08:00:00,500.8681917,125.5411208
24/12/2017, 10:00:00,666.2143833,313.4483125
24/12/2017, 12:00:00,1008.332467,464.4660542
24/12/2017, 14:00:00,881.2711667,477.5964083
24/12/2017, 16:00:00,530.21035,330.8600333
24/12/2017, 18:00:00,82.70544167,107.0341667
24/12/2017, 20:00:00,0,3.235916667
24/12/2017, 22:00:00,0,0
24/12/2017, 24:00:00,0,0
25/12/2017, 02:00:00,0,0
25/12/2017, 04:00:00,0,0
25/12/2017, 06:00:00,56.67959167,8.649854167
25/12/2017, 08:00:00,269.42255,114.1656292
25/12/2017, 10:00:00,472.6671833,287.8845708
25/12/2017, 12:00:00,552.562975,490.4031708
25/12/2017, 14:00:00,428.2038,500.4967417
25/12/2017, 16:00:00,269.2198167,316.2610708
25/12/2017, 18:00:00,54.48825833,99.840475
25/12/2017, 20:00:00,0,2.999445833
25/12/2017, 22:00:00,0,0
25/12/2017, 24:00:00,0,0
26/12/2017, 02:00:00,0,0
26/12/2017, 04:00:00,0,0
26/12/2017, 06:00:00,52.06578333,9.048120833
26/12/2017, 08:00:00,536.5324333,118.6834667
26/12/2017, 10:00:00,861.2839,328.6571208
26/12/2017, 12:00:00,845.5986667,553.3168583
26/12/2017, 14:00:00,474.0225333,566.7210208
26/12/2017, 16:00:00,324.1441,364.2895417
26/12/2017, 18:00:00,50.76564167,119.1315167
26/12/2017, 20:00:00,0,2.987
26/12/2017, 22:00:00,0,0
26/12/2017, 24:00:00,0,0
27/12/2017, 02:00:00,0,0
27/12/2017, 04:00:00,0,0
27/12/2017, 06:00:00,82.10699167,9.010783333
27/12/2017, 08:00:00,667.8932333,121.2473083
27/12/2017, 10:00:00,923.622625,339.77125
27/12/2017, 12:00:00,822.956325,590.3432125
27/12/2017, 14:00:00,690.680625,562.9997167
27/12/2017, 16:00:00,329.639,317.96615
27/12/2017, 18:00:00,55.14154167,108.5650042
27/12/2017, 20:00:00,0,3.534616667
27/12/2017, 22:00:00,0,0
27/12/2017, 24:00:00,0,0
28/12/2017, 02:00:00,0,0
28/12/2017, 04:00:00,0,0
28/12/2017, 06:00:00,58.75323333,8.488058333
28/12/2017, 08:00:00,641.7018583,115.6217917
28/12/2017, 10:00:00,1243.5255,334.9671583
28/12/2017, 12:00:00,1369.963692,539.0663792
28/12/2017, 14:00:00,777.8040833,516.9501333
28/12/2017, 16:00:00,313.1459333,304.8606875
28/12/2017, 18:00:00,69.508,101.5455542
28/12/2017, 20:00:00,0,3.372820833
28/12/2017, 22:00:00,0,0
28/12/2017, 24:00:00,0,0
29/12/2017, 02:00:00,0,0
29/12/2017, 04:00:00,0,0
29/12/2017, 06:00:00,83.6101,8.077345833
29/12/2017, 08:00:00,661.4114917,105.8642583
29/12/2017, 10:00:00,1281.458908,329.0056042
29/12/2017, 12:00:00,1808.333858,546.2849625
29/12/2017, 14:00:00,1093.426217,605.5022375
29/12/2017, 16:00:00,395.5064083,348.3962125
29/12/2017, 18:00:00,44.60635,105.6526792
29/12/2017, 20:00:00,0,3.708858333
29/12/2017, 22:00:00,0,0
29/12/2017, 24:00:00,0,0
30/12/2017, 02:00:00,0,0
30/12/2017, 04:00:00,0,0
30/12/2017, 06:00:00,38.61683333,6.5714
30/12/2017, 08:00:00,495.7628083,101.2095167
30/12/2017, 10:00:00,1083.580033,348.7571417
30/12/2017, 12:00:00,1443.791425,602.4281167
30/12/2017, 14:00:00,1215.634233,640.935525
30/12/2017, 16:00:00,386.1854667,378.3906708
30/12/2017, 18:00:00,36.43896667,100.6619
30/12/2017, 20:00:00,0,2.8749875
30/12/2017, 22:00:00,0,0
30/12/2017, 24:00:00,0,0
31/12/2017, 02:00:00,0,0
31/12/2017, 04:00:00,0,0
31/12/2017, 06:00:00,55.14741667,8.861433333
31/12/2017, 08:00:00,297.5657,102.7528
31/12/2017, 10:00:00,781.1894167,324.9482625
31/12/2017, 12:00:00,1191.737325,500.5216333
31/12/2017, 14:00:00,931.5305083,614.3263333
31/12/2017, 16:00:00,432.2425167,378.60225
31/12/2017, 18:00:00,43.34844167,57.32550833
31/12/2017, 20:00:00,0,3.074120833
31/12/2017, 22:00:00,0,0
31/12/2017, 24:00:00,0,0
1/01/2018, 02:00:00,0,0
1/01/2018, 04:00:00,0,0
1/01/2018, 06:00:00,28.05945,6.372266667
1/01/2018, 08:00:00,230.3813917,81.79401667
1/01/2018, 10:00:00,526.2720333,227.5222792
1/01/2018, 12:00:00,818.1064083,429.97865
1/01/2018, 14:00:00,795.7022083,550.6410042
1/01/2018, 16:00:00,258.3555083,307.0013708
1/01/2018, 18:00:00,2.452691667,16.5405125
1/01/2018, 20:00:00,0,0.14935
1/01/2018, 22:00:00,0,0
1/01/2018, 24:00:00,0,0
2/01/2018, 02:00:00,0,0
2/01/2018, 04:00:00,0,0
2/01/2018, 06:00:00,40.41036667,5.8619875
2/01/2018, 08:00:00,208.79255,79.61599583
2/01/2018, 10:00:00,523.6099667,232.463275
2/01/2018, 12:00:00,894.017775,354.6564667
2/01/2018, 14:00:00,1079.189733,513.2163833
2/01/2018, 16:00:00,601.2930333,414.9191917
2/01/2018, 18:00:00,42.658225,107.3328667
2/01/2018, 20:00:00,0,1.095233333
2/01/2018, 22:00:00,0,0
2/01/2018, 24:00:00,0,0
3/01/2018, 02:00:00,0,0
3/01/2018, 04:00:00,0,0
3/01/2018, 06:00:00,40.32019167,6.409604167
3/01/2018, 08:00:00,96.47315833,105.0428333
3/01/2018, 10:00:00,389.9168667,185.04465
3/01/2018, 12:00:00,647.999875,327.0765
3/01/2018, 14:00:00,817.5381583,564.3438667
3/01/2018, 16:00:00,468.0660167,408.9078542
3/01/2018, 18:00:00,75.12736667,138.3478833
3/01/2018, 20:00:00,0,4.2191375
3/01/2018, 22:00:00,0,0
3/01/2018, 24:00:00,0,0
4/01/2018, 02:00:00,0,0
4/01/2018, 04:00:00,0,0
4/01/2018, 06:00:00,70.03648333,8.824095833
4/01/2018, 08:00:00,303.1598667,100.8236958
4/01/2018, 10:00:00,462.7571583,243.0173417
4/01/2018, 12:00:00,602.9166917,407.2276667
4/01/2018, 14:00:00,612.781675,491.0752458
4/01/2018, 16:00:00,403.1499083,380.170425
4/01/2018, 18:00:00,45.72240833,144.6579208
4/01/2018, 20:00:00,0,4.132016667
4/01/2018, 22:00:00,0,0
4/01/2018, 24:00:00,0,0
5/01/2018, 02:00:00,0,0
5/01/2018, 04:00:00,0,0
5/01/2018, 06:00:00,66.107875,9.40905
5/01/2018, 08:00:00,339.4619833,99.34264167
5/01/2018, 10:00:00,484.1968333,264.1130292
5/01/2018, 12:00:00,606.3125083,345.9443833
5/01/2018, 14:00:00,313.1876,390.1022
5/01/2018, 16:00:00,283.9618583,175.6604917
5/01/2018, 18:00:00,98.43774167,129.7229208
5/01/2018, 20:00:00,0,4.492945833
5/01/2018, 22:00:00,0,0
5/01/2018, 24:00:00,0,0
6/01/2018, 02:00:00,0,0
6/01/2018, 04:00:00,0,0
6/01/2018, 06:00:00,79.120525,8.961
6/01/2018, 08:00:00,437.2110667,85.19172917
6/01/2018, 10:00:00,662.7962667,276.3472833
6/01/2018, 12:00:00,703.0091,420.8185167
6/01/2018, 14:00:00,807.5809083,488.4740667
6/01/2018, 16:00:00,496.9401833,353.4118833
6/01/2018, 18:00:00,98.27169167,123.3631
6/01/2018, 20:00:00,0,4.542729167
6/01/2018, 22:00:00,0,0
6/01/2018, 24:00:00,0,0
7/01/2018, 02:00:00,0,0
7/01/2018, 04:00:00,0,0
7/01/2018, 06:00:00,85.55205833,7.330595833
7/01/2018, 08:00:00,662.1404083,112.5103333
7/01/2018, 10:00:00,813.2017083,333.1500667
7/01/2018, 12:00:00,927.6432333,529.1594958
7/01/2018, 14:00:00,770.5695,543.0241542
7/01/2018, 16:00:00,501.89135,386.4057875
7/01/2018, 18:00:00,108.5459333,131.1666375
7/01/2018, 20:00:00,0,3.422604167
7/01/2018, 22:00:00,0,0
7/01/2018, 24:00:00,0,0
8/01/2018, 02:00:00,0,0
8/01/2018, 04:00:00,0,0
8/01/2018, 06:00:00,36.03645,0.423158333
8/01/2018, 08:00:00,378.4720417,9.583291667
8/01/2018, 10:00:00,634.9361917,28.0404625
8/01/2018, 12:00:00,684.5517917,78.20961667
8/01/2018, 14:00:00,489.2467583,59.34173333
8/01/2018, 16:00:00,369.739675,15.7937625
8/01/2018, 18:00:00,79.64381667,0.211579167
8/01/2018, 20:00:00,0,0
8/01/2018, 22:00:00,0,0
8/01/2018, 24:00:00,0,0
9/01/2018, 02:00:00,0,0
9/01/2018, 04:00:00,0,0
9/01/2018, 06:00:00,39.34883333,0
9/01/2018, 08:00:00,383.6825833,0.3360375
9/01/2018, 10:00:00,605.3548667,7.343041667
9/01/2018, 12:00:00,516.6924333,14.710975
9/01/2018, 14:00:00,612.2962667,14.4496125
9/01/2018, 16:00:00,182.7802167,5.102791667
9/01/2018, 18:00:00,79.64710833,2.016225
9/01/2018, 20:00:00,0,0.049783333
9/01/2018, 22:00:00,0,0
9/01/2018, 24:00:00,0,0
10/01/2018, 02:00:00,0,0
10/01/2018, 04:00:00,0,0
10/01/2018, 06:00:00,17.757425,0.1120125
10/01/2018, 08:00:00,376.7488083,2.588733333
10/01/2018, 10:00:00,666.1266833,23.01234583
10/01/2018, 12:00:00,713.6461833,36.86455833
10/01/2018, 14:00:00,518.6710583,36.37917083
10/01/2018, 16:00:00,295.775225,23.27370833
10/01/2018, 18:00:00,61.47830833,7.01945
10/01/2018, 20:00:00,0,0.224025
10/01/2018, 22:00:00,0,0
10/01/2018, 24:00:00,0,0
11/01/2018, 02:00:00,0,0
11/01/2018, 04:00:00,0,0
11/01/2018, 06:00:00,19.63255,0.535170833
11/01/2018, 08:00:00,318.8338167,10.84032083
11/01/2018, 10:00:00,735.4420417,36.22982083
11/01/2018, 12:00:00,953.023425,91.80046667
11/01/2018, 14:00:00,693.1762833,112.5227792
11/01/2018, 16:00:00,370.831025,68.72589167
11/01/2018, 18:00:00,59.40923333,24.2320375
11/01/2018, 20:00:00,0,0.734304167
11/01/2018, 22:00:00,0,0
11/01/2018, 24:00:00,0,0
12/01/2018, 02:00:00,0,0
12/01/2018, 04:00:00,0,0
12/01/2018, 06:00:00,27.83800833,2.178020833
12/01/2018, 08:00:00,286.890575,52.4591875
12/01/2018, 10:00:00,522.5611917,158.983075
12/01/2018, 12:00:00,892.6480083,299.3347375
12/01/2018, 14:00:00,731.1133417,373.7110375
12/01/2018, 16:00:00,65.78436667,308.2832917
12/01/2018, 18:00:00,38.37906667,101.3713125
12/01/2018, 20:00:00,0,3.385266667
12/01/2018, 22:00:00,0,0
12/01/2018, 24:00:00,0,0
13/01/2018, 02:00:00,0,0
13/01/2018, 04:00:00,0,0
13/01/2018, 06:00:00,21.36195833,3.808425
13/01/2018, 08:00:00,207.0804167,71.07815417
13/01/2018, 10:00:00,542.391275,235.5622875
13/01/2018, 12:00:00,866.1895,410.1275458
13/01/2018, 14:00:00,785.7665417,461.5039458
13/01/2018, 16:00:00,319.4116583,302.0977125
13/01/2018, 18:00:00,37.93261667,91.8875875
13/01/2018, 20:00:00,0,2.215358333
13/01/2018, 22:00:00,0,0
13/01/2018, 24:00:00,0,0
14/01/2018, 02:00:00,0,0
14/01/2018, 04:00:00,0,0
14/01/2018, 06:00:00,3.629725,0.7840875
14/01/2018, 08:00:00,111.024525,34.45006667
14/01/2018, 10:00:00,468.59425,124.035175
14/01/2018, 12:00:00,812.748675,377.7683792
14/01/2018, 14:00:00,786.3069917,627.0210833
14/01/2018, 16:00:00,366.0323917,394.9062917
14/01/2018, 18:00:00,38.80333333,114.4518833
14/01/2018, 20:00:00,0,2.787866667
14/01/2018, 22:00:00,0,0
14/01/2018, 24:00:00,0,0
15/01/2018, 02:00:00,0,0
15/01/2018, 04:00:00,0,0
15/01/2018, 06:00:00,6.448425,0.696966667
15/01/2018, 08:00:00,51.88870833,21.96689583
15/01/2018, 10:00:00,482.4506833,113.132625
15/01/2018, 12:00:00,1088.917108,244.7224208
15/01/2018, 14:00:00,1170.675017,383.6303667
15/01/2018, 16:00:00,678.956525,212.7615208
15/01/2018, 18:00:00,92.28446667,106.8101417
15/01/2018, 20:00:00,0,3.708858333
15/01/2018, 22:00:00,0,0
15/01/2018, 24:00:00,0,0
16/01/2018, 02:00:00,0,0
16/01/2018, 04:00:00,0,0
16/01/2018, 06:00:00,44.039525,4.679633333
16/01/2018, 08:00:00,380.5387,79.32974167
16/01/2018, 10:00:00,829.1006083,245.307375
16/01/2018, 12:00:00,1215.282908,430.2400125
16/01/2018, 14:00:00,1174.619858,353.5238958
16/01/2018, 16:00:00,685.5767333,341.8745958
16/01/2018, 18:00:00,77.379525,129.113075
16/01/2018, 20:00:00,0,3.422604167
16/01/2018, 22:00:00,0,0
16/01/2018, 24:00:00,0,0
17/01/2018, 02:00:00,0,0
17/01/2018, 04:00:00,0,0
17/01/2018, 06:00:00,51.83975833,6.334929167
17/01/2018, 08:00:00,366.9005417,106.3620917
17/01/2018, 10:00:00,455.0917917,281.6616542
17/01/2018, 12:00:00,488.7009,315.501875
17/01/2018, 14:00:00,765.7641833,286.30395
17/01/2018, 16:00:00,394.5295417,215.1511208
17/01/2018, 18:00:00,72.10599167,91.82535833
17/01/2018, 20:00:00,0,2.700745833
17/01/2018, 22:00:00,0,0
17/01/2018, 24:00:00,0,0
18/01/2018, 02:00:00,0,0
18/01/2018, 04:00:00,0,0
18/01/2018, 06:00:00,40.63280833,4.804091667
18/01/2018, 08:00:00,446.5575583,96.60455833
18/01/2018, 10:00:00,684.6049,271.8792292
18/01/2018, 12:00:00,1022.435908,483.371275
18/01/2018, 14:00:00,1045.714525,525.189275
18/01/2018, 16:00:00,682.3783083,405.6470458
18/01/2018, 18:00:00,65.356825,135.0248458
18/01/2018, 20:00:00,0,3.646629167
18/01/2018, 22:00:00,0,0
18/01/2018, 24:00:00,0,0
19/01/2018, 02:00:00,0,0
19/01/2018, 04:00:00,0,0
19/01/2018, 06:00:00,56.01856667,6.521616667
19/01/2018, 08:00:00,294.989225,77.41308333
19/01/2018, 10:00:00,661.19395,238.0887917
19/01/2018, 12:00:00,776.58225,385.8706167
19/01/2018, 14:00:00,876.183225,535.2206167
19/01/2018, 16:00:00,491.9766083,399.4241292
19/01/2018, 18:00:00,122.065325,119.9778333
19/01/2018, 20:00:00,0,4.6671875
19/01/2018, 22:00:00,0,0
19/01/2018, 24:00:00,0,0
20/01/2018, 02:00:00,0,0
20/01/2018, 04:00:00,0,0
20/01/2018, 06:00:00,22.90859167,3.3977125
20/01/2018, 08:00:00,312.6311917,90.45631667
20/01/2018, 10:00:00,475.1792,267.78455
20/01/2018, 12:00:00,676.7196417,445.21235
20/01/2018, 14:00:00,589.6015833,533.6648875
20/01/2018, 16:00:00,271.5204,348.5953458
20/01/2018, 18:00:00,57.95768333,108.4156542
20/01/2018, 20:00:00,0,3.8831
20/01/2018, 22:00:00,0,0
20/01/2018, 24:00:00,0,0
21/01/2018, 02:00:00,0,0
21/01/2018, 04:00:00,0,0
21/01/2018, 06:00:00,10.30216667,2.2775875
21/01/2018, 08:00:00,227.9314833,91.22795833
21/01/2018, 10:00:00,260.6756,203.9498708
21/01/2018, 12:00:00,417.6967333,390.8738417
21/01/2018, 14:00:00,317.107275,405.1492125
21/01/2018, 16:00:00,246.9244833,300.1686083
21/01/2018, 18:00:00,61.86095,126.8977167
21/01/2018, 20:00:00,0,4.716970833
21/01/2018, 22:00:00,0,0
21/01/2018, 24:00:00,0,0
22/01/2018, 02:00:00,0,0
22/01/2018, 04:00:00,0,0
22/01/2018, 06:00:00,26.68259167,3.6217375
22/01/2018, 08:00:00,305.15735,100.7241292
22/01/2018, 10:00:00,766.2258917,303.0187042
22/01/2018, 12:00:00,424.0707417,316.0868292
22/01/2018, 14:00:00,517.289325,322.7951333
22/01/2018, 16:00:00,311.9757833,164.4094583
22/01/2018, 18:00:00,40.75790833,55.02302917
22/01/2018, 20:00:00,0,3.148795833
22/01/2018, 22:00:00,0,0
22/01/2018, 24:00:00,0,0
23/01/2018, 02:00:00,0,0
23/01/2018, 04:00:00,0,0
23/01/2018, 06:00:00,32.28835833,4.804091667
23/01/2018, 08:00:00,399.2591417,104.7441333
23/01/2018, 10:00:00,579.677875,315.3276333
23/01/2018, 12:00:00,645.739925,504.2056
23/01/2018, 14:00:00,569.3281417,535.6562208
23/01/2018, 16:00:00,334.3850417,409.293675
23/01/2018, 18:00:00,67.87720833,139.3933333
23/01/2018, 20:00:00,0,4.791645833
23/01/2018, 22:00:00,0,0
23/01/2018, 24:00:00,0,0
24/01/2018, 02:00:00,0,0
24/01/2018, 04:00:00,0,0
24/01/2018, 06:00:00,21.619325,4.2938125
24/01/2018, 08:00:00,284.534125,94.99904583
24/01/2018, 10:00:00,159.2254,252.7002
24/01/2018, 12:00:00,536.377475,475.6299667
24/01/2018, 14:00:00,413.3283583,500.0238
24/01/2018, 16:00:00,251.611625,314.7053417
24/01/2018, 18:00:00,37.83900833,80.58677083
24/01/2018, 20:00:00,0,3.970220833
24/01/2018, 22:00:00,0,0
24/01/2018, 24:00:00,0,0
25/01/2018, 02:00:00,0,0
25/01/2018, 04:00:00,0,0
25/01/2018, 06:00:00,29.79586667,3.223470833
25/01/2018, 08:00:00,341.56575,72.5841
25/01/2018, 10:00:00,661.4673583,261.51185
25/01/2018, 12:00:00,837.2837,484.4540625
25/01/2018, 14:00:00,736.5642167,470.3155958
25/01/2018, 16:00:00,401.3459833,281.5620875
25/01/2018, 18:00:00,78.24535,85.21662083
25/01/2018, 20:00:00,0,2.2775875
25/01/2018, 22:00:00,0,0
25/01/2018, 24:00:00,0,0
26/01/2018, 02:00:00,0,0
26/01/2018, 04:00:00,0,0
26/01/2018, 06:00:00,22.222225,3.086566667
26/01/2018, 08:00:00,327.988275,65.14149167
26/01/2018, 10:00:00,681.5369417,234.6661875
26/01/2018, 12:00:00,802.79735,490.8636667
26/01/2018, 14:00:00,756.23055,505.9604625
26/01/2018, 16:00:00,367.2097167,305.0349292
26/01/2018, 18:00:00,56.90085833,83.23773333
26/01/2018, 20:00:00,0,2.850095833
26/01/2018, 22:00:00,0,0
26/01/2018, 24:00:00,0,0
27/01/2018, 02:00:00,0,0
27/01/2018, 04:00:00,0,0
27/01/2018, 06:00:00,40.83205833,3.1736875
27/01/2018, 08:00:00,201.2375083,54.35095417
27/01/2018, 10:00:00,1405.282742,229.8123125
27/01/2018, 12:00:00,1734.488867,450.2778042
27/01/2018, 14:00:00,1048.587142,532.6692208
27/01/2018, 16:00:00,504.9624417,371.9686208
27/01/2018, 18:00:00,73.49844167,108.4903292
27/01/2018, 20:00:00,0,2.850095833
27/01/2018, 22:00:00,0,0
27/01/2018, 24:00:00,0,0
28/01/2018, 02:00:00,0,0
28/01/2018, 04:00:00,0,0
28/01/2018, 06:00:00,30.69650833,2.962108333
28/01/2018, 08:00:00,463.5143917,72.9948125
28/01/2018, 10:00:00,1330.690883,214.8150833
28/01/2018, 12:00:00,1470.887733,429.8915292
28/01/2018, 14:00:00,1426.785858,519.8500125
28/01/2018, 16:00:00,580.8557833,375.2169833
28/01/2018, 18:00:00,71.95210833,110.3945417
28/01/2018, 20:00:00,0,2.339816667
28/01/2018, 22:00:00,0,0
28/01/2018, 24:00:00,0,0
29/01/2018, 02:00:00,0,0
29/01/2018, 04:00:00,0,0
29/01/2018, 06:00:00,27.18515833,2.825204167
29/01/2018, 08:00:00,240.5584667,69.4104125
29/01/2018, 10:00:00,720.4675917,163.2271042
29/01/2018, 12:00:00,1808.667558,315.4023083
29/01/2018, 14:00:00,1705.9549,427.2405667
29/01/2018, 16:00:00,801.0891417,341.2149667
29/01/2018, 18:00:00,81.25501667,112.1991875
29/01/2018, 20:00:00,0,3.4723875
29/01/2018, 22:00:00,0,0
29/01/2018, 24:00:00,0,0
30/01/2018, 02:00:00,0,0
30/01/2018, 04:00:00,0,0
30/01/2018, 06:00:00,33.96566667,3.410158333
30/01/2018, 08:00:00,478.5991,83.5986625
30/01/2018, 10:00:00,604.457575,222.2576917
30/01/2018, 12:00:00,866.9286917,172.1507667
30/01/2018, 14:00:00,1044.613333,357.0709583
30/01/2018, 16:00:00,918.0053167,440.3086917
30/01/2018, 18:00:00,120.1337917,129.3619917
30/01/2018, 20:00:00,0,4.281366667
30/01/2018, 22:00:00,0,0
30/01/2018, 24:00:00,0,0
31/01/2018, 02:00:00,0,0
31/01/2018, 04:00:00,0,0
31/01/2018, 06:00:00,20.36428333,2.638516667
31/01/2018, 08:00:00,378.0863917,73.19394583
31/01/2018, 10:00:00,647.5638667,260.8148833
31/01/2018, 12:00:00,991.5813667,480.981675
31/01/2018, 14:00:00,1355.506067,590.0569583
31/01/2018, 16:00:00,783.816475,444.3660333
31/01/2018, 18:00:00,99.1228,135.46045
31/01/2018, 20:00:00,0,3.211025
31/01/2018, 22:00:00,0,0
31/01/2018, 24:00:00,0,0
1/02/2018, 02:00:00,0,0
1/02/2018, 04:00:00,0,0
1/02/2018, 06:00:00,34.57901667,3.347929167
1/02/2018, 08:00:00,406.3204833,78.49587083
1/02/2018, 10:00:00,840.0074667,218.5488333
1/02/2018, 12:00:00,1303.913333,451.7588583
1/02/2018, 14:00:00,1472.8248,475.97845
1/02/2018, 16:00:00,851.040325,407.1032083
1/02/2018, 18:00:00,68.89065,123.1515208
1/02/2018, 20:00:00,0,2.7256375
1/02/2018, 22:00:00,0,0
1/02/2018, 24:00:00,0,0
2/02/2018, 02:00:00,0,0
2/02/2018, 04:00:00,0,0
2/02/2018, 06:00:00,30.615775,2.489166667
2/02/2018, 08:00:00,467.362525,78.79457083
2/02/2018, 10:00:00,323.8991583,149.0886375
2/02/2018, 12:00:00,199.685025,133.96695
2/02/2018, 14:00:00,551.0616333,104.2089625
2/02/2018, 16:00:00,322.1308083,129.5860167
2/02/2018, 18:00:00,21.103025,25.10324583
2/02/2018, 20:00:00,0,0.659629167
2/02/2018, 22:00:00,0,0
2/02/2018, 24:00:00,0,0
3/02/2018, 02:00:00,0,0
3/02/2018, 04:00:00,0,0
3/02/2018, 06:00:00,19.71214167,1.107679167
3/02/2018, 08:00:00,136.4568333,25.86244167
3/02/2018, 10:00:00,327.697225,112.3609833
3/02/2018, 12:00:00,360.8063333,139.119525
3/02/2018, 14:00:00,349.3552083,98.58344583
3/02/2018, 16:00:00,186.76,48.2773875
3/02/2018, 18:00:00,50.92165833,4.4805
3/02/2018, 20:00:00,0,0
3/02/2018, 22:00:00,0,0
3/02/2018, 24:00:00,0,0
4/02/2018, 02:00:00,0,0
4/02/2018, 04:00:00,0,0
4/02/2018, 06:00:00,4.317225,0.4107125
4/02/2018, 08:00:00,126.27305,26.70875833
4/02/2018, 10:00:00,185.4945167,84.9428125
4/02/2018, 12:00:00,90.46919167,116.8788208
4/02/2018, 14:00:00,121.5697833,59.83956667
4/02/2018, 16:00:00,121.44925,43.43595833
4/02/2018, 18:00:00,26.81986667,24.89166667
4/02/2018, 20:00:00,0,0.808979167
4/02/2018, 22:00:00,0,0
4/02/2018, 24:00:00,0,0
5/02/2018, 02:00:00,0,0
5/02/2018, 04:00:00,0,0
5/02/2018, 06:00:00,13.99988333,1.04545
5/02/2018, 08:00:00,611.5654083,61.308175
5/02/2018, 10:00:00,927.1318667,219.1213417
5/02/2018, 12:00:00,732.7724583,425.7346208
5/02/2018, 14:00:00,696.1347583,408.8705167
5/02/2018, 16:00:00,639.923075,292.1783833
5/02/2018, 18:00:00,115.098725,118.6710208
5/02/2018, 20:00:00,0,3.049229167
5/02/2018, 22:00:00,0,0
5/02/2018, 24:00:00,0,0
6/02/2018, 02:00:00,0,0
6/02/2018, 04:00:00,0,0
6/02/2018, 06:00:00,47.26875,2.887433333
6/02/2018, 08:00:00,354.8957333,66.59765417
6/02/2018, 10:00:00,857.8018833,264.9220083
6/02/2018, 12:00:00,888.7095083,453.799975
6/02/2018, 14:00:00,302.3773333,433.9488708
6/02/2018, 16:00:00,453.3977083,304.6242167
6/02/2018, 18:00:00,77.36950833,63.5110875
6/02/2018, 20:00:00,0,3.484833333
6/02/2018, 22:00:00,0,0
6/02/2018, 24:00:00,0,0
7/02/2018, 02:00:00,0,0
7/02/2018, 04:00:00,0,0
7/02/2018, 06:00:00,37.25959167,2.8749875
7/02/2018, 08:00:00,539.4231917,94.55099583
7/02/2018, 10:00:00,1220.094633,314.3319667
7/02/2018, 12:00:00,1370.138683,539.6388875
7/02/2018, 14:00:00,592.483475,451.1987958
7/02/2018, 16:00:00,612.474275,396.3500083
7/02/2018, 18:00:00,136.1287583,121.6829125
7/02/2018, 20:00:00,0,3.0243375
7/02/2018, 22:00:00,0,0
7/02/2018, 24:00:00,0,0
8/02/2018, 02:00:00,0,0
8/02/2018, 04:00:00,0,0
8/02/2018, 06:00:00,20.21670833,1.94155
8/02/2018, 08:00:00,562.2882167,86.08782917
8/02/2018, 10:00:00,1425.157225,276.5713083
8/02/2018, 12:00:00,1707.498858,472.8047625
8/02/2018, 14:00:00,677.938725,441.6901792
8/02/2018, 16:00:00,729.5057583,382.5849167
8/02/2018, 18:00:00,112.1457583,113.2944208
8/02/2018, 20:00:00,0,2.6883
8/02/2018, 22:00:00,0,0
8/02/2018, 24:00:00,0,0
9/02/2018, 02:00:00,0,0
9/02/2018, 04:00:00,0,0
9/02/2018, 06:00:00,23.7929,2.0535625
9/02/2018, 08:00:00,529.5475583,69.02459167
9/02/2018, 10:00:00,1551.081017,261.1758125
9/02/2018, 12:00:00,1802.6235,493.4026167
9/02/2018, 14:00:00,1392.444217,605.0292958
9/02/2018, 16:00:00,670.2607083,413.6123792
9/02/2018, 18:00:00,90.09773333,129.9842833
9/02/2018, 20:00:00,0,2.999445833
9/02/2018, 22:00:00,0,0
9/02/2018, 24:00:00,0,0
10/02/2018, 02:00:00,0,0
10/02/2018, 04:00:00,0,0
10/02/2018, 06:00:00,22.08138333,2.787866667
10/02/2018, 08:00:00,543.4189,81.60732917
10/02/2018, 10:00:00,744.67915,290.9089083
10/02/2018, 12:00:00,1684.868433,493.4275083
10/02/2018, 14:00:00,1246.573592,605.688925
10/02/2018, 16:00:00,525.3692583,431.2356792
10/02/2018, 18:00:00,72.35519167,128.1920833
10/02/2018, 20:00:00,0,2.825204167
10/02/2018, 22:00:00,0,0
10/02/2018, 24:00:00,0,0
11/02/2018, 02:00:00,0,0
11/02/2018, 04:00:00,0,0
11/02/2018, 06:00:00,15.51386667,2.3896
11/02/2018, 08:00:00,434.3853,81.94336667
11/02/2018, 10:00:00,1127.407708,275.7498833
11/02/2018, 12:00:00,1514.944292,498.9659042
11/02/2018, 14:00:00,1236.146675,575.9558292
11/02/2018, 16:00:00,489.6066583,394.3337833
11/02/2018, 18:00:00,58.56701667,113.3442042
11/02/2018, 20:00:00,0,2.377154167
11/02/2018, 22:00:00,0,0
11/02/2018, 24:00:00,0,0
12/02/2018, 02:00:00,0,0
12/02/2018, 04:00:00,0,0
12/02/2018, 06:00:00,16.94425833,2.066008333
12/02/2018, 08:00:00,383.1066333,73.11927083
12/02/2018, 10:00:00,938.7170167,265.021575
12/02/2018, 12:00:00,1490.516892,486.2213708
12/02/2018, 14:00:00,1280.4582,583.7842583
12/02/2018, 16:00:00,556.5119833,396.8105042
12/02/2018, 18:00:00,62.69458333,110.7803625
12/02/2018, 20:00:00,0,2.0909
12/02/2018, 22:00:00,0,0
12/02/2018, 24:00:00,0,0
13/02/2018, 02:00:00,0,0
13/02/2018, 04:00:00,0,0
13/02/2018, 06:00:00,15.51043333,1.804645833
13/02/2018, 08:00:00,353.747925,67.25728333
13/02/2018, 10:00:00,924.2322,247.547625
13/02/2018, 12:00:00,1444.435067,462.5991792
13/02/2018, 14:00:00,1261.00415,557.1252833
13/02/2018, 16:00:00,541.056675,377.6563667
13/02/2018, 18:00:00,65.73443333,102.2051833
13/02/2018, 20:00:00,0,1.991333333
13/02/2018, 22:00:00,0,0
13/02/2018, 24:00:00,0,0
14/02/2018, 02:00:00,0,0
14/02/2018, 04:00:00,0,0
14/02/2018, 06:00:00,17.34905833,1.6801875
14/02/2018, 08:00:00,373.8995083,61.99269583
14/02/2018, 10:00:00,882.8102833,224.6099542
14/02/2018, 12:00:00,1301.468267,454.3849292
14/02/2018, 14:00:00,1220.122442,551.5744417
14/02/2018, 16:00:00,649.1561917,393.6741542
14/02/2018, 18:00:00,62.012525,110.444325
14/02/2018, 20:00:00,0,1.866875
14/02/2018, 22:00:00,0,0
14/02/2018, 24:00:00,0,0
15/02/2018, 02:00:00,0,0
15/02/2018, 04:00:00,0,0
15/02/2018, 06:00:00,17.13449167,1.543283333
15/02/2018, 08:00:00,299.6465417,63.90935417
15/02/2018, 10:00:00,814.378075,221.3989292
15/02/2018, 12:00:00,1233.665575,425.9337542
15/02/2018, 14:00:00,1195.25225,522.7623375
15/02/2018, 16:00:00,639.6819333,371.1720875
15/02/2018, 18:00:00,67.46713333,107.8431458
15/02/2018, 20:00:00,0,1.891766667
15/02/2018, 22:00:00,0,0
15/02/2018, 24:00:00,0,0
16/02/2018, 02:00:00,0,0
16/02/2018, 04:00:00,0,0
16/02/2018, 06:00:00,14.30763333,1.617958333
16/02/2018, 08:00:00,314.2862833,75.22261667
16/02/2018, 10:00:00,744.1537167,189.4753667
16/02/2018, 12:00:00,1243.87155,397.3207833
16/02/2018, 14:00:00,1328.2699,507.1054792
16/02/2018, 16:00:00,728.8046833,372.8647208
16/02/2018, 18:00:00,30.23903333,90.68034167
16/02/2018, 20:00:00,0,0.211579167
16/02/2018, 22:00:00,0,0
16/02/2018, 24:00:00,0,0
17/02/2018, 02:00:00,0,0
17/02/2018, 04:00:00,0,0
17/02/2018, 06:00:00,8.478283333,0.672075
17/02/2018, 08:00:00,131.7896417,37.06369167
17/02/2018, 10:00:00,483.5959333,219.5818375
17/02/2018, 12:00:00,1312.142242,496.2402667
17/02/2018, 14:00:00,1379.622242,567.8411458
17/02/2018, 16:00:00,433.5278167,269.1909292
17/02/2018, 18:00:00,103.0987917,76.41741667
17/02/2018, 20:00:00,0,1.742416667
17/02/2018, 22:00:00,0,0
17/02/2018, 24:00:00,0,0
18/02/2018, 02:00:00,236.1184778,0
18/02/2018, 04:00:00,250.6492278,0
18/02/2018, 06:00:00,166.4950722,2.750529167
18/02/2018, 08:00:00,53.46670556,70.33140417
18/02/2018, 10:00:00,197.7997944,230.3972667
18/02/2018, 12:00:00,614.6184556,385.9204
18/02/2018, 14:00:00,851.3738,542.0160417
18/02/2018, 16:00:00,898.8619556,400.9176292
18/02/2018, 18:00:00,521.6490722,124.2840917
18/02/2018, 20:00:00,72.59937778,1.9788875
18/02/2018, 22:00:00,82.01801111,0
18/02/2018, 24:00:00,144.8107222,0
19/02/2018, 02:00:00,194.2401111,0
19/02/2018, 04:00:00,197.84175,0
19/02/2018, 06:00:00,83.85608889,1.9788875
19/02/2018, 08:00:00,24.51236667,84.88058333
19/02/2018, 10:00:00,252.8529778,272.5513042
19/02/2018, 12:00:00,656.6825167,469.6808583
19/02/2018, 14:00:00,842.9715778,572.3465375
19/02/2018, 16:00:00,871.9778,415.4668083
19/02/2018, 18:00:00,530.6614944,125.0432875
19/02/2018, 20:00:00,75.92387778,1.817091667
19/02/2018, 22:00:00,101.9636389,0
19/02/2018, 24:00:00,46.59775556,0
20/02/2018, 02:00:00,36.56284444,0
20/02/2018, 04:00:00,120.2450611,0